<?xml version="1.0" encoding="utf-8"?>
<Window size="600,320" sizebox="4,4,4,4" caption="0,0,0,30" mininfo="600,320" roundcorner="5,5" showdirty="t,5">
 <Font name="宋体" size="13" bold="false"/>
 <Font name="宋体" size="12"/>
    <Default name="VScrollBar" value="button1normalimage=&quot;file=&apos;scrollbar.bmp&apos; source=&apos;0,90,16,106&apos; mask=&apos;#FFFF00FF&apos;&quot; button1hotimage=&quot;file=&apos;scrollbar.bmp&apos; source=&apos;18,90,34,106&apos; &#x09;&#x09; mask=&apos;#FFFF00FF&apos;&quot; button1pushedimage=&quot;file=&apos;scrollbar.bmp&apos; source=&apos;36,90,52,106&apos; mask=&apos;#FFFF00FF&apos;&quot; button1disabledimage=&quot;file=&apos;scrollbar.bmp&apos; source=&apos;54,90,70,106&apos; mask=&apos;#FFFF00FF&apos;&quot; button2normalimage=&quot;file=&apos;scrollbar.bmp&apos; source=&apos;0,108,16,124&apos; mask=&apos;#FFFF00FF&apos;&quot; button2hotimage=&quot;file=&apos;scrollbar.bmp&apos; source=&apos;18,108,34,124&apos; mask=&apos;#FFFF00FF&apos;&quot; button2pushedimage=&quot;file=&apos;scrollbar.bmp&apos; source=&apos;36,108,52,124&apos; mask=&apos;#FFFF00FF&apos;&quot; button2disabledimage=&quot;file=&apos;scrollbar.bmp&apos; source=&apos;54,108,70,124&apos; mask=&apos;#FFFF00FF&apos;&quot; thumbnormalimage=&quot;file=&apos;scrollbar.bmp&apos; source=&apos;0,126,16,142&apos; corner=&apos;2,2,2,2&apos; mask=&apos;#FFFF00FF&apos;&quot; thumbhotimage=&quot;file=&apos;scrollbar.bmp&apos; source=&apos;18,126,34,142&apos; corner=&apos;2,2,2,2&apos; mask=&apos;#FFFF00FF&apos;&quot; thumbpushedimage=&quot;file=&apos;scrollbar.bmp&apos; source=&apos;36,126,52,142&apos; corner=&apos;2,2,2,2&apos; mask=&apos;#FFFF00FF&apos;&quot; thumbdisabledimage=&quot;file=&apos;scrollbar.bmp&apos; source=&apos;54,126,70,142&apos; corner=&apos;2,2,2,2&apos; mask=&apos;#FFFF00FF&apos;&quot; railnormalimage=&quot;file=&apos;scrollbar.bmp&apos; source=&apos;0,144,16,160&apos; corner=&apos;2,2,2,2&apos; mask=&apos;#FFFF00FF&apos;&quot; railhotimage=&quot;file=&apos;scrollbar.bmp&apos; source=&apos;18,144,34,160&apos; corner=&apos;2,2,2,2&apos; mask=&apos;#FFFF00FF&apos;&quot; railpushedimage=&quot;file=&apos;scrollbar.bmp&apos; source=&apos;36,144,52,160&apos; corner=&apos;2,2,2,2&apos; mask=&apos;#FFFF00FF&apos;&quot; raildisabledimage=&quot;file=&apos;scrollbar.bmp&apos; source=&apos;54,144,70,160&apos; corner=&apos;2,2,2,2&apos; mask=&apos;#FFFF00FF&apos;&quot; bknormalimage=&quot;file=&apos;scrollbar.bmp&apos; source=&apos;0,162,16,178&apos; corner=&apos;2,2,2,2&apos; mask=&apos;#FFFF00FF&apos;&quot; bkhotimage=&quot;file=&apos;scrollbar.bmp&apos; source=&apos;18,162,34,178&apos; corner=&apos;2,2,2,2&apos; mask=&apos;#FFFF00FF&apos;&quot; bkpushedimage=&quot;file=&apos;scrollbar.bmp&apos; source=&apos;36,162,52,178&apos; corner=&apos;2,2,2,2&apos; mask=&apos;#FFFF00FF&apos;&quot; bkdisabledimage=&quot;file=&apos;scrollbar.bmp&apos; source=&apos;54,162,70,178&apos; corner=&apos;2,2,2,2&apos; mask=&apos;#FFFF00FF&apos;&quot; " />
    <Default name="HScrollBar" value="button1normalimage=&quot;file=&apos;scrollbar.bmp&apos; source=&apos;0,0,16,16&apos; mask=&apos;#FFFF00FF&apos;&quot; button1hotimage=&quot;file=&apos;scrollbar.bmp&apos; source=&apos;18,0,34,16&apos; mask=&apos;#FFFF00FF&apos;&quot; button1pushedimage=&quot;file=&apos;scrollbar.bmp&apos; source=&apos;36,0,52,16&apos; mask=&apos;#FFFF00FF&apos;&quot; button1disabledimage=&quot;file=&apos;scrollbar.bmp&apos; source=&apos;54,0,70,16&apos; mask=&apos;#FFFF00FF&apos;&quot; button2normalimage=&quot;file=&apos;scrollbar.bmp&apos; source=&apos;0,18,16,34&apos; mask=&apos;#FFFF00FF&apos;&quot; button2hotimage=&quot;file=&apos;scrollbar.bmp&apos; source=&apos;18,18,34,34&apos; mask=&apos;#FFFF00FF&apos;&quot; button2pushedimage=&quot;file=&apos;scrollbar.bmp&apos; source=&apos;36,18,52,34&apos; mask=&apos;#FFFF00FF&apos;&quot; button2disabledimage=&quot;file=&apos;scrollbar.bmp&apos; source=&apos;54,18,70,34&apos; mask=&apos;#FFFF00FF&apos;&quot; thumbnormalimage=&quot;file=&apos;scrollbar.bmp&apos; source=&apos;0,36,16,52&apos; corner=&apos;2,2,2,2&apos; mask=&apos;#FFFF00FF&apos;&quot; thumbhotimage=&quot;file=&apos;scrollbar.bmp&apos; source=&apos;18,36,34,52&apos; corner=&apos;2,2,2,2&apos; mask=&apos;#FFFF00FF&apos;&quot; thumbpushedimage=&quot;file=&apos;scrollbar.bmp&apos; source=&apos;36,36,52,52&apos; corner=&apos;2,2,2,2&apos; mask=&apos;#FFFF00FF&apos;&quot; thumbdisabledimage=&quot;file=&apos;scrollbar.bmp&apos; source=&apos;54,36,70,52&apos; corner=&apos;2,2,2,2&apos; mask=&apos;#FFFF00FF&apos;&quot; railnormalimage=&quot;file=&apos;scrollbar.bmp&apos; source=&apos;0,54,16,70&apos; corner=&apos;2,2,2,2&apos; mask=&apos;#FFFF00FF&apos;&quot; railhotimage=&quot;file=&apos;scrollbar.bmp&apos; source=&apos;18,54,34,70&apos; corner=&apos;2,2,2,2&apos; mask=&apos;#FFFF00FF&apos;&quot; railpushedimage=&quot;file=&apos;scrollbar.bmp&apos; source=&apos;36,54,52,70&apos; corner=&apos;2,2,2,2&apos; mask=&apos;#FFFF00FF&apos;&quot; raildisabledimage=&quot;file=&apos;scrollbar.bmp&apos; source=&apos;54,54,70,70&apos; corner=&apos;2,2,2,2&apos; mask=&apos;#FFFF00FF&apos;&quot; bknormalimage=&quot;file=&apos;scrollbar.bmp&apos; source=&apos;0,72,16,88&apos; corner=&apos;2,2,2,2&apos; mask=&apos;#FFFF00FF&apos;&quot; bkhotimage=&quot;file=&apos;scrollbar.bmp&apos; source=&apos;18,72,34,88&apos; corner=&apos;2,2,2,2&apos; mask=&apos;#FFFF00FF&apos;&quot; bkpushedimage=&quot;file=&apos;scrollbar.bmp&apos; source=&apos;36,72,52,88&apos; corner=&apos;2,2,2,2&apos; mask=&apos;#FFFF00FF&apos;&quot; bkdisabledimage=&quot;file=&apos;scrollbar.bmp&apos; source=&apos;54,72,70,88&apos; corner=&apos;2,2,2,2&apos; mask=&apos;#FFFF00FF&apos;&quot; " />

	<VerticalLayout bkimage="file='bg.png' corner='10,100,10,10' hole='true'" bkcolor="#FF313C00">
	<HorizontalLayout height="37" inset="0,2,0,0">
		<VerticalLayout>
			<Text text="ListDemo(tojen)" textcolor="#FFFFFFFF" font="1" float="true" pos="27,10,170,30"></Text>
		</VerticalLayout>
		<VerticalLayout width="70">
			<Button float="true" pos="0,0,28,17" name="minbtn" maxwidth="28" maxheight="17" normalimage="file='max_min.png' source='0,0,28,17'" hotimage="file='max_min_h.png' source='0,0,28,17'" pushedimage="file='max_min_h.png' source='0,0,28,17'"/>
			<Button float="true" pos="28,0,56,17" name="closebtn" maxwidth="28" maxheight="17" normalimage="file='max_min.png' source='28,0,56,17'" hotimage="file='max_min_h.png' source='28,0,56,17'" pushedimage="file='max_min_h.png' source='28,0,56,17'"/>
		</VerticalLayout>
	</HorizontalLayout>
	<HorizontalLayout height="35" inset="0,4,0,8">
		<VerticalLayout inset="8,4,2,2" width="80">
			<Text text="Domain/ip:" textcolor="#000000" font="1"></Text>
		</VerticalLayout>
		<VerticalLayout>
			<Edit height="23" text="List控件添加使用案例，每行可以响应事件" bordercolor="#C6CFD8" name="input" bkimage="file='search_bg.png' source='0,0,258,23' corner='1,1,1,1'"/>
		</VerticalLayout>
		<VerticalLayout width="80">
			<Button name="btn" text="Search" font="0" float="true" pos="5,0,63,23" maxwidth="63" maxheight="23" normalimage="file='button.png' source='0,0,63,23'" hotimage="file='button.png' source='0,23,63,46'" pushedimage="file='button.png' source='0,23,63,46'"/>
		</VerticalLayout>
	</HorizontalLayout>
	<HorizontalLayout inset="3,0,3,3">
						    						<List name="userlist"  bkcolor="#FFE0F0FE" inset="1,0,1,0" bordercolor="#FF1B4876" bordersize="1" itemhotimage="file='tree_hot.bmp' corner='2,1,2,1' " itemselectedimage="file='tree_select.bmp' corner='2,1,2,1'"  itemshowhtml="true" vscrollbar="true" hscrollbar="true" headerbkimage="headerctrl_normal.bmp" >
    							<ListHeaderItem text="昵称" width="120" normalimage="headerctrl_normal.bmp" hotimage="headerctrl_hot.bmp" pushedimage="headerctrl_down.bmp" sepimage="Headerctrl_Sperator.bmp" />
    							<ListHeaderItem text="游戏等级" width="240" normalimage="headerctrl_normal.bmp" hotimage="headerctrl_hot.bmp" pushedimage="headerctrl_down.bmp" sepimage="Headerctrl_Sperator.bmp" />
    							<ListHeaderItem text="胜率" width="80" normalimage="headerctrl_normal.bmp" hotimage="headerctrl_hot.bmp" pushedimage="headerctrl_down.bmp" sepimage="Headerctrl_Sperator.bmp" />
    							<ListHeaderItem text="断线率" width="80" normalimage="headerctrl_normal.bmp" hotimage="headerctrl_hot.bmp" pushedimage="headerctrl_down.bmp" sepimage="Headerctrl_Sperator.bmp" />
    							<ListHeaderItem text="总局数" width="80" normalimage="headerctrl_normal.bmp" hotimage="headerctrl_hot.bmp" pushedimage="headerctrl_down.bmp" sepimage="Headerctrl_Sperator.bmp" />
    						</List>

	</HorizontalLayout>
</VerticalLayout>
</Window>